Agency,NTD ID,City,State,UZA Name,Total Operating Hours,Total Employees,Number of Operating Fleets,Ridership,Service Area Population,Service Area Sq Miles,Primary UZA Area Sq Miles,Diesel (gal),Gasoline (gal),Liquefied Petroleum Gas (gal),Compressed Natural Gas (gal),Bio Diesel (gal),Other Fuel (gal/gal equivalent),Electric Propulsion (kWh),Electric Battery (kWh),Total Diesel (gal),Total kWh
MTA New York City Transit,20008,Brooklyn,NY,"New York--Jersey City--Newark, NY--NJ",,,50095.0,491106831.0,8804190.0,321.0,3248.12,27958302.0,3570980.0,0.0,4824913.0,0.0,0.0,1552447460.0,618599.0,36354195.0,1553066059.0
New Jersey Transit Corporation,20080,Newark,NJ,"New York--Jersey City--Newark, NY--NJ",,,26312.0,187806013.0,10594013.0,5325.0,3248.12,35585247.0,1805901.0,0.0,1257636.0,0.0,0.0,380816628.0,0.0,38648784.0,380816628.0
Washington Metropolitan Area Transit Authority,30030,Washington,DC,"Washington--Arlington, DC--VA--MD",,,11228.0,122883834.0,5089918.0,1349.0,1294.51,7351971.0,1812002.0,0.0,3965272.0,0.0,0.0,438160464.0,17194.0,13129245.0,438177658.0
"Los Angeles County Metropolitan Transportation Authority , dba: Metro",90154,Los Angeles,CA,"Los Angeles--Long Beach--Anaheim, CA",,,17563.0,110932715.0,10394849.0,4099.0,1636.83,0.0,977648.0,0.0,26998561.0,0.0,0.0,187734358.0,3635843.0,27976209.0,191370201.0
Chicago Transit Authority,50066,Chicago,IL,"Chicago, IL--IN",,,4360.0,115480485.0,3207635.0,310.0,2337.89,13403932.0,0.0,0.0,0.0,0.0,0.0,373727434.0,302556.0,13403932.0,374029990.0
Southeastern Pennsylvania Transportation Authority,30019,Philadelphia,PA,"Philadelphia, PA--NJ--DE--MD",,,13734.0,84803334.0,3475337.0,844.0,1898.19,10583882.0,782842.0,0.0,0.0,0.0,0.0,326147560.0,0.0,11366724.0,326147560.0
Massachusetts Bay Transportation Authority,10003,Boston,MA,"Boston, MA--NH",,,18162.0,89707746.0,3109308.0,3244.0,1655.89,19729538.0,1098290.0,0.0,1425801.0,0.0,0.0,209830786.0,192166.0,22253629.0,210022952.0
"Metro-North Commuter Railroad Company, dba: MTA Metro-North Railroad",20078,New York,NY,"New York--Jersey City--Newark, NY--NJ",,,3447.0,70431898.0,6503894.0,527.0,3248.12,7117284.0,0.0,0.0,0.0,0.0,0.0,388728660.0,0.0,7117284.0,388728660.0
MTA Long Island Rail Road,20100,Jamaica,NY,"New York--Jersey City--Newark, NY--NJ",,,908.0,69934140.0,11170342.0,2967.0,3248.12,7310132.0,0.0,0.0,0.0,0.0,0.0,475664400.0,0.0,7310132.0,475664400.0
MTA Bus Company,20188,New York,NY,"New York--Jersey City--Newark, NY--NJ",,,1134.0,35877613.0,7706403.0,244.0,3248.12,9476906.0,0.0,0.0,1147229.0,0.0,0.0,0.0,0.0,10624135.0,0.0
Metropolitan Atlanta Rapid Transit Authority,40022,Atlanta,GA,"Atlanta, GA",,,4060.0,52954911.0,2128687.0,949.0,2553.04,1849221.0,1341057.0,0.0,4357955.0,0.0,0.0,78232957.0,26212.0,7548233.0,78259169.0
"City and County of San Francisco, dba: San Francisco Municipal Transportation Agency",90015,San Francisco,CA,"San Francisco--Oakland, CA",,,4512.0,23732735.0,842754.0,49.0,513.8,3509051.0,216967.0,0.0,0.0,0.0,0.0,87343650.0,35385.0,3726018.0,87379035.0
"King County Department of Metro Transit, dba: King County Metro",1,Seattle,WA,"Seattle--Tacoma, WA",,,18261.0,51015415.0,2287050.0,2134.0,982.52,7309433.0,1094394.0,274670.0,0.0,575390.0,0.0,16807624.0,970902.0,9253887.0,17778526.0
"Metropolitan Transit Authority of Harris County, Texas",60008,Houston,TX,"Houston, TX",,,10624.0,67451697.0,3757692.0,1309.0,1752.69,9097510.0,2409822.0,0.0,2154980.0,0.0,0.0,21545505.0,0.0,13662312.0,21545505.0
Dallas Area Rapid Transit,60056,Dallas,TX,"Dallas--Fort Worth--Arlington, TX",,,5600.0,44402654.0,2530800.0,698.0,1746.9,1460507.0,3518.0,0.0,7851380.0,0.0,0.0,117051226.0,250496.0,9315405.0,117301722.0
Metro Transit,50027,Minneapolis,MN,"Minneapolis--St. Paul, MN",,,1521.0,26267901.0,1731667.0,492.0,1014.79,147088.0,0.0,0.0,0.0,4185563.0,0.0,29732225.0,533094.0,4332651.0,30265319.0
San Francisco Bay Area Rapid Transit District,90003,Oakland,CA,"San Francisco--Oakland, CA",,,2320.0,81330845.0,867725.0,80.0,513.8,,,,,,,,,,
"County of Miami-Dade , dba: Transportation & Public Work",40034,Miami,FL,"Miami--Fort Lauderdale, FL",,,9373.0,60878000.0,2701767.0,306.0,1244.18,1874879.0,1516487.0,0.0,7080880.0,0.0,0.0,75860587.0,0.0,10472246.0,75860587.0
Port Authority of Allegheny County,30022,Pittsburgh,PA,"Pittsburgh, PA",,,3292.0,33102167.0,1238090.0,775.0,906.64,6002456.0,888006.0,0.0,0.0,0.0,0.0,29281820.0,214543.0,6890462.0,29496363.0
Tri-County Metropolitan Transportation District of Oregon,8,Portland,OR,"Portland, OR--WA",,,4518.0,36072191.0,1558315.0,383.0,519.3,,,,,,,,,,
Maryland Transit Administration,30034,Baltimore,MD,"Baltimore, MD",,,11888.0,57861263.0,7811145.0,2560.0,654.93,,,,,,,,,,
"Northeast Illinois Regional Commuter Railroad Corporation, dba: Metra",50118,Chicago,IL,"Chicago, IL--IN",,,1778.0,39319881.0,7261176.0,1940.0,2337.89,23872392.0,0.0,0.0,0.0,0.0,0.0,62373926.0,0.0,23872392.0,62373926.0
Denver Regional Transportation District,80006,Denver,CO,"Denver--Aurora, CO",,,5586.0,55521206.0,2920000.0,2342.0,644.54,,,,,,,,,,
Utah Transit Authority,80001,Salt Lake City,UT,"Salt Lake City, UT",,,8504.0,40768367.0,2218482.0,607.0,300.42,5643137.0,974542.0,0.0,353485.0,0.0,0.0,43863100.0,185435.0,6971164.0,44048535.0
The Greater Cleveland Regional Transit Authority,50015,Cleveland,OH,"Cleveland, OH",,,2250.0,22084698.0,1412140.0,458.0,713.81,972736.0,535906.0,76446.0,2516791.0,0.0,0.0,28613425.0,0.0,4101879.0,28613425.0
VIA Metropolitan Transit,60011,San Antonio,TX,"San Antonio, TX",,,5238.0,34256660.0,1917581.0,1210.0,613.44,379353.0,853253.0,783212.0,5288837.0,0.0,0.0,0.0,0.0,7304655.0,0.0
Santa Clara Valley Transportation Authority,90013,San Jose,CA,"San Jose, CA",,,2480.0,21863666.0,1894783.0,346.0,285.48,,,,,,,,,,
Alameda-Contra Costa Transit District,90014,Oakland,CA,"San Francisco--Oakland, CA",,,2730.0,22028991.0,1586454.0,364.0,513.8,,,,,,,,,,
"Bi-State Development Agency of the Missouri-Illinois Metropolitan District, dba: (St. Louis) Metro",70006,Saint Louis,MO,"St. Louis, MO--IL",,,1395.0,25550497.0,1563103.0,558.0,910.37,0.0,107222.0,0.0,0.0,3459806.0,0.0,34571565.0,1520640.0,3567028.0,36092205.0
Washington State Ferries,35,Olympia,WA,"Seattle--Tacoma, WA",,,17.0,737693.0,3919300.0,1945.0,982.52,13457375.0,0.0,0.0,0.0,1273013.0,0.0,0.0,0.0,14730388.0,0.0
Pace - Suburban Bus Division,50113,Arlington Heights,IL,"Chicago, IL--IN",,,7084.0,31986562.0,5666540.0,3519.0,2337.89,4099995.0,712338.0,0.0,1198877.0,18032.0,0.0,0.0,0.0,6029242.0,0.0
Central Florida Regional Transportation Authority,40035,Orlando,FL,"Orlando, FL",,,2750.0,27503884.0,2289420.0,2540.0,644.61,1736508.0,1148925.0,0.0,2448176.0,0.0,0.0,0.0,10456.0,5333609.0,10456.0
"Central Puget Sound Regional Transit Authority, dba: Sound Transit",40,Seattle,WA,"Seattle--Tacoma, WA",,,1926.0,22931261.0,3306990.0,1087.0,982.52,2724801.0,0.0,0.0,356918.0,519503.0,0.0,40242833.0,0.0,3601222.0,40242833.0
San Diego Metropolitan Transit System,90026,San Diego,CA,"San Diego, CA",,,4368.0,38433410.0,2462707.0,720.0,674.72,0.0,75746.0,784951.0,7176335.0,0.0,0.0,56896708.0,455773.0,8037032.0,57352481.0
"Broward County Board of County Commissioners, dba: Broward County Transit Division",40029,Fort Lauderdale,FL,"Miami--Fort Lauderdale, FL",,,1527.0,27415388.0,1944375.0,428.0,1244.18,4042687.0,563087.0,785061.0,0.0,0.0,0.0,0.0,0.0,5390835.0,0.0
"Sacramento Regional Transit District, dba: Sacramento RT",90019,Sacramento,CA,"Sacramento, CA",,,1468.0,16057961.0,1332800.0,291.0,467.58,13592.0,588951.0,0.0,3390905.0,0.0,0.0,26971511.0,248377.0,3993448.0,27219888.0
Port Authority Trans-Hudson Corporation,20098,New York,NY,"New York--Jersey City--Newark, NY--NJ",,,274.0,12974558.0,3134256.0,226.0,3248.12,0.0,0.0,0.0,0.0,0.0,0.0,93339968.0,0.0,0.0,93339968.0
"Southwest Ohio Regional Transit Authority, dba: Metro / Access",50012,Cincinnati,OH,"Cincinnati, OH--KY",,,642.0,13246035.0,744901.0,289.0,752.28,2684361.0,0.0,0.0,0.0,0.0,0.0,0.0,0.0,2684361.0,0.0
Central Ohio Transit Authority,50016,Columbus,OH,"Columbus, OH",,,822.0,16084016.0,1168779.0,336.0,516.16,686110.0,104286.0,0.0,3129891.0,0.0,0.0,0.0,53430.0,3920287.0,53430.0
"Transportation District Commission of Hampton Roads, dba: Hampton Roads Transit",30083,Hampton,VA,"Virginia Beach--Norfolk, VA",,,2436.0,13253542.0,1150833.0,438.0,481.67,2028909.0,442843.0,0.0,0.0,0.0,0.0,3291138.0,1576400.0,2471752.0,4867538.0
Delaware Transit Corporation,30075,Dover,DE,"Philadelphia, PA--NJ--DE--MD",,985.0,2640.0,17867018.0,989948.0,1949.0,1898.19,1757611.0,42657.0,1399118.0,0.0,0.0,0.0,0.0,475248.0,3199386.0,475248.0
Niagara Frontier Transportation Authority,20004,Buffalo,NY,"Buffalo, NY",,938.19,882.0,11566528.0,809275.0,336.0,340.5,,,,,,,,,,
Orange County Transportation Authority,90036,Orange,CA,"Los Angeles--Long Beach--Anaheim, CA",,997.37,4434.0,27727155.0,2943596.0,435.0,1636.83,0.0,1139493.0,0.0,6050962.0,0.0,0.0,0.0,27519.0,7190455.0,27519.0
"Montgomery County, Maryland, dba: Ride On, Montgomery County Transit",30051,Rockville,MD,"Washington--Arlington, DC--VA--MD",,,576.0,14017563.0,1062061.0,495.0,1294.51,,,,,,,,,,
New Orleans Regional Transit Authority,60032,New Orleans,LA,"New Orleans, LA",,810.99,644.0,8285971.0,390144.0,75.0,270.27,134850.0,179356.0,0.0,0.0,1527165.0,0.0,2880880.0,0.0,1841371.0,2880880.0
Connecticut Department of Transportation - CTTRANSIT - Hartford Division,10048,Hartford,CT,"Hartford, CT",,762.0,458.0,10480508.0,851535.0,664.0,535.93,,,,,,,,,,
Hillsborough Area Regional Transit Authority,40041,Tampa,FL,"Tampa--St. Petersburg, FL",,778.0,696.0,9255644.0,1450191.0,1243.0,968.94,,,,,,,,,,
Suburban Mobility Authority for Regional Transportation,50031,Detroit,MI,"Detroit, MI",,765.0,1076.0,14592978.0,3424477.0,1074.0,1284.83,1817594.0,687.0,629092.0,0.0,0.0,0.0,0.0,0.0,2447373.0,0.0
Capital District Transportation Authority,20002,Albany,NY,"Albany--Schenectady, NY",,902.0,1615.0,13708198.0,511949.0,207.0,271.3,2149462.0,424873.0,0.0,0.0,0.0,0.0,0.0,27415.0,2574335.0,27415.0
Rhode Island Public Transit Authority,10001,Providence,RI,"Providence, RI--MA",,805.0,1144.0,14489532.0,1048319.0,1436.0,544.25,,,,,,,,,,
Pinellas Suncoast Transit Authority,40027,Saint Petersburg,FL,"Tampa--St. Petersburg, FL",,671.0,1620.0,11609914.0,1100607.0,304.0,968.94,2142243.0,186593.0,0.0,0.0,0.0,0.0,0.0,170577.0,2328836.0,170577.0
"Regional Transit Service - Monroe County, dba: RTS Monroe (MB) and RTS Access (DR)",20113,Rochester,NY,"Rochester, NY",,759.0,720.0,7757210.0,693960.0,298.0,291.83,,,,,,,,,,
Metropolitan Transit Authority,40004,Madison,TN,"Nashville-Davidson, TN",,759.03,717.0,8850567.0,703953.0,504.0,584.95,,,,,,,,,,
Indianapolis and Marion County Public Transportation,50050,Indianapolis,IN,"Indianapolis, IN",,720.0,636.0,10425437.0,969466.0,396.0,722.55,1366576.0,243950.0,0.0,0.0,0.0,0.0,0.0,3053309.0,1610526.0,3053309.0
Jacksonville Transportation Authority,40040,Jacksonville,FL,"Jacksonville, FL",,736.0,1248.0,11593258.0,1237843.0,1366.0,573.27,947760.0,541268.0,0.0,1350231.0,0.0,0.0,815770.0,29225.0,2839259.0,844995.0
Long Beach Transit,90023,Long Beach,CA,"Los Angeles--Long Beach--Anaheim, CA",,736.0,288.0,6586801.0,906752.0,110.0,1636.83,0.0,779700.0,0.0,1127412.0,0.0,0.0,0.0,527196.0,1907112.0,527196.0
Kansas City Area Transportation Authority,70005,Kansas City,MO,"Kansas City, MO--KS",,666.0,1272.0,7816455.0,621956.0,459.0,714.1,524414.0,196088.0,0.0,1322148.0,0.0,0.0,0.0,6026.0,2042650.0,6026.0
"City of Detroit , dba: Detroit Department of Transportation",50119,Detroit,MI,"Detroit, MI",,691.0,412.0,12452795.0,713777.0,144.0,1284.83,2066738.0,139256.0,0.0,0.0,0.0,0.0,0.0,17737.0,2205994.0,17737.0
Snohomish County Public Transportation Benefit Area Corporation,29,Everett,WA,"Seattle--Tacoma, WA",,721.15,2405.0,13728800.0,806655.0,256.0,982.52,2133600.0,256481.0,4237.0,0.0,90450.0,0.0,0.0,0.0,2484768.0,0.0
New York City Department of Transportation,20082,New York,NY,"New York--Jersey City--Newark, NY--NJ",,606.0,26.0,299899.0,8804190.0,372.0,3248.12,4840205.0,0.0,0.0,0.0,0.0,0.0,0.0,0.0,4840205.0,0.0
Spokane Transit Authority,2,Spokane,WA,"Spokane, WA",,772.01,1116.0,10296150.0,459007.0,248.0,171.67,1442315.0,160768.0,260.0,0.0,0.0,0.0,0.0,253079.0,1603343.0,253079.0
San Mateo County Transit District,90009,San Carlos,CA,"San Francisco--Oakland, CA",,731.0,1248.0,9860381.0,765551.0,97.0,513.8,,,,,,,,,,
Transit Authority of River City,40018,Louisville,KY,"Louisville/Jefferson County, KY--IN",,570.0,1200.0,8941324.0,736150.0,288.0,400.86,1409286.0,151267.0,0.0,0.0,0.0,0.0,0.0,141567.0,1560553.0,141567.0
Mass Transportation Authority,50032,Flint,MI,"Flint, MI",,592.5,735.0,8925100.0,405813.0,640.0,205.46,27126.0,183820.0,684856.0,697162.0,0.0,0.0,0.0,0.0,1592964.0,0.0
"Woods Hole, Martha's Vineyard and Nantucket Steamship Authority",10183,Falmouth,MA,"Barnstable Town, MA",,746.5,44.0,687843.0,263851.0,2100.0,341.28,3434859.0,10518.0,0.0,0.0,0.0,0.0,0.0,0.0,3445377.0,0.0
"Fort Worth Transportation Authority, dba: Trinity Metro",60007,Fort Worth,TX,"Dallas--Fort Worth--Arlington, TX",,535.54,2352.0,13614253.0,879939.0,350.0,1746.9,615453.0,382721.0,0.0,2005956.0,0.0,0.0,0.0,195495.0,3004130.0,195495.0
"City of El Paso, dba: Sun Metro",60006,El Paso,TX,"El Paso, TX--NM",,515.0,501.0,7598072.0,772374.0,234.0,255.88,0.0,13261.0,0.0,1950845.0,0.0,0.0,301977.0,0.0,1964106.0,301977.0
Metropolitan Bus Authority,40086,San Juan,PR,"San Juan, PR",,556.0,214.0,2901739.0,1176968.0,198.0,763.6,900501.0,70805.0,0.0,0.0,0.0,0.0,0.0,0.0,971306.0,0.0
"Central New York Regional Transportation Authority, dba: New York Regional Transportation Authority",20018,Syracuse,NY,"Syracuse, NY",,503.0,642.0,5989368.0,641357.0,510.0,180.53,363055.0,199309.0,0.0,752372.0,0.0,0.0,0.0,0.0,1314736.0,0.0
Pierce County Transportation Benefit Area Authority,3,Lakewood,WA,"Seattle--Tacoma, WA",,529.55,1910.0,9841274.0,575963.0,292.0,982.52,87965.0,460066.0,0.0,1086738.0,0.0,0.0,0.0,236326.0,1634769.0,236326.0
"Board of County Commissioners, Palm Beach County, dba: Palm Tran, Inc.",40037,West Palm Beach,FL,"Miami--Fort Lauderdale, FL",,505.0,718.0,18300921.0,1485941.0,1970.0,1244.18,1828524.0,956927.0,0.0,0.0,0.0,271788.0,0.0,0.0,3057239.0,0.0
Greater Dayton Regional Transit Authority,50017,Dayton,OH,"Dayton, OH",,497.8,369.0,6370516.0,559062.0,274.0,319.89,837796.0,304876.0,0.0,0.0,0.0,0.0,3122973.0,0.0,1142672.0,3122973.0
"City of Albuquerque, dba: ABQRIDE",60019,Albuquerque,NM,"Albuquerque, NM",,407.32,462.0,7075190.0,661629.0,235.0,263.07,1006053.0,309825.0,0.0,207621.0,0.0,0.0,0.0,41205.0,1523499.0,41205.0
"City of Memphis, dba: Memphis Area Transit Authority",40003,Memphis,TN,"Memphis, TN--MS--AR",,506.0,411.0,6607680.0,690943.0,291.0,491.27,1198283.0,135248.0,0.0,0.0,0.0,0.0,654000.0,0.0,1333531.0,654000.0
"Golden Gate Bridge, Highway and Transportation District",90016,San Francisco,CA,"San Francisco--Oakland, CA",,747.0,177.0,2827631.0,834066.0,124.0,513.8,1707464.0,37131.0,0.0,0.0,0.0,0.0,0.0,0.0,1744595.0,0.0
Greater Richmond Transit Company,30006,Richmond,VA,"Richmond, VA",,441.0,1180.0,9263311.0,452319.0,186.0,512.35,196967.0,65268.0,0.0,1678455.0,0.0,0.0,0.0,0.0,1940690.0,0.0
Connecticut Department of Transportation - CTTRANSIT New Haven Division,10055,Hartford,CT,"New Haven, CT",,387.0,99.0,4789468.0,531314.0,456.0,298.01,,,,,,,,,,
METRO Regional Transit Authority,50010,Akron,OH,"Akron, OH",,387.61,546.0,5542073.0,541013.0,420.0,300.64,238988.0,43238.0,0.0,815610.0,0.0,0.0,0.0,59032.0,1097836.0,59032.0
Omnitrans,90029,San Bernardino,CA,"Riverside--San Bernardino, CA",,482.0,429.0,8187866.0,1540644.0,466.0,608.56,,,,,,,,,,
Clark County Public Transportation Benefit Area Authority,24,Vancouver,WA,"Portland, OR--WA",,435.17,477.0,5877870.0,445744.0,143.0,519.3,944563.0,29543.0,0.0,0.0,0.0,0.0,0.0,0.0,974106.0,0.0
"City of Santa Monica, dba: Big Blue Bus",90008,Santa Monica,CA,"Los Angeles--Long Beach--Anaheim, CA",,416.18,429.0,4498613.0,1022273.0,69.0,1636.83,0.0,0.0,0.0,1506524.0,0.0,0.0,0.0,258194.0,1506524.0,258194.0
Riverside Transit Agency,90031,Riverside,CA,"Riverside--San Bernardino, CA",,412.0,744.0,10377406.0,1907122.0,2500.0,608.56,0.0,250060.0,0.0,2117361.0,0.0,0.0,0.0,0.0,2367421.0,0.0
"City of Fresno, dba: Fresno Area Express",90027,Fresno,CA,"Fresno, CA",,407.0,290.0,6072190.0,591531.0,154.0,159.11,0.0,160447.0,0.0,1596288.0,0.0,0.0,0.0,46369.0,1756735.0,46369.0
City of Madison,50005,Madison,WI,"Madison, WI",,452.5,362.0,4699580.0,348359.0,126.0,149.7,989508.0,0.0,0.0,0.0,0.0,0.0,0.0,36465.0,989508.0,36465.0
"Interurban Transit Partnership, dba: The Rapid",50033,Grand Rapids,MI,"Grand Rapids, MI",,334.55,925.0,7813503.0,621711.0,155.0,274.36,463370.0,43107.0,345145.0,1000422.0,0.0,0.0,0.0,0.0,1852044.0,0.0
Intercity Transit,19,Olympia,WA,"Olympia--Lacey, WA",,421.99,960.0,6046657.0,198000.0,101.0,106.21,583748.0,137289.0,85100.0,0.0,0.0,0.0,0.0,0.0,806137.0,0.0
Northern Indiana Commuter Transportation District,50104,Chesterton,IN,"Chicago, IL--IN",,409.5,70.0,2727755.0,958644.0,1970.0,2337.89,0.0,0.0,0.0,0.0,0.0,0.0,13144250.0,0.0,0.0,13144250.0
Kitsap Transit,20,Bremerton,WA,"Bremerton, WA",,492.07,1090.0,4712971.0,254183.0,396.0,146.91,1184511.0,34984.0,200715.0,0.0,499845.0,0.0,0.0,30244.0,1920055.0,30244.0
"City of Charlotte North Carolina, dba: Charlotte Area Transit System",40008,Charlotte,NC,"Charlotte, NC--SC",,379.26,1734.0,15267132.0,1306574.0,675.0,657.61,2282352.0,36560.0,0.0,0.0,0.0,0.0,15279951.0,122407.0,2318912.0,15402358.0
"Staten Island Rapid Transit Operating Authority, dba:  MTA Staten Island Railway",20099,Staten Island,NY,"New York--Jersey City--Newark, NY--NJ",,349.0,44.0,2663396.0,495747.0,59.0,3248.12,0.0,0.0,0.0,0.0,0.0,0.0,24803444.0,0.0,0.0,24803444.0
Capital Area Transportation Authority,50036,Lansing,MI,"Lansing, MI",,373.8,652.0,6473169.0,295130.0,136.0,155.83,722549.0,310499.0,0.0,0.0,0.0,0.0,0.0,0.0,1033048.0,0.0
Ben Franklin Transit,18,Richland,WA,"Kennewick--Richland--Pasco, WA",,360.98,1072.0,8174668.0,307750.0,616.0,112.21,678312.0,368844.0,0.0,0.0,0.0,0.0,0.0,0.0,1047156.0,0.0
SunLine Transit Agency,90079,Thousand Palms,CA,"Indio--Palm Desert--Palm Springs, CA",,330.0,285.0,4714076.0,472830.0,1120.0,151.82,,,,,,,,,,
"City of Knoxville, dba: Knoxville Area Transit",40002,Knoxville,TN,"Knoxville, TN",,264.19,142.0,3180980.0,192648.0,104.0,431.91,565560.0,95136.0,0.0,0.0,0.0,0.0,0.0,209175.0,660696.0,209175.0
Champaign-Urbana Mass Transit District,50060,Urbana,IL,"Champaign, IL",,359.08,315.0,3447544.0,135495.0,41.0,46.52,3100.0,54995.0,0.0,0.0,589311.0,0.0,0.0,0.0,647406.0,0.0
"County of Volusia, dba: VOTRAN",40032,Daytona Beach,FL,"Daytona Beach--Palm Coast--Port Orange, FL",,330.0,735.0,5407490.0,494593.0,1207.0,212.36,607462.0,322545.0,14219.0,0.0,0.0,0.0,0.0,0.0,944226.0,0.0
Port Authority Transit Corporation,20075,Camden,NJ,"Philadelphia, PA--NJ--DE--MD",,350.0,60.0,5119230.0,159726.0,16.0,1898.19,0.0,0.0,0.0,0.0,0.0,0.0,40007603.0,0.0,0.0,40007603.0
Golden Empire Transit District,90004,Bakersfield,CA,"Bakersfield, CA",,311.0,182.0,4098763.0,500977.0,111.0,132.12,0.0,33534.0,0.0,1326073.0,0.0,0.0,0.0,0.0,1359607.0,0.0
Lane Transit District,7,Eugene,OR,"Eugene, OR",,312.02,720.0,3808421.0,317600.0,482.0,73.49,659744.0,78324.0,0.0,0.0,0.0,0.0,0.0,632534.0,738068.0,632534.0
Des Moines Area Regional Transit Authority,70010,Des Moines,IA,"Des Moines, IA",,295.56,608.0,4963765.0,354320.0,136.0,224.74,759289.0,50214.0,0.0,0.0,0.0,0.0,0.0,232176.0,809503.0,232176.0
"Lee County Transit, dba: LeeTran",40028,Fort Myers,FL,"Cape Coral, FL",,402.38,182.0,5249669.0,802178.0,820.0,331.8,536893.0,144689.0,263608.0,0.0,0.0,0.0,0.0,0.0,945190.0,0.0
Transit Authority of Omaha,70002,Omaha,NE,"Omaha, NE--IA",,279.0,200.0,4178048.0,656462.0,237.0,270.81,260563.0,73047.0,0.0,473440.0,146746.0,0.0,0.0,110120.0,953796.0,110120.0
Capital Area Transit System,60022,Baton Rouge,LA,"Baton Rouge, LA",,296.0,132.0,3442717.0,367124.0,211.0,396.34,697395.0,93634.0,0.0,0.0,0.0,0.0,0.0,914.0,791029.0,914.0
Lehigh and Northampton Transportation Authority,30010,Allentown,PA,"Allentown--Bethlehem, PA--NJ",,243.0,354.0,5790622.0,533100.0,324.0,261.55,228448.0,173031.0,0.0,742296.0,0.0,0.0,0.0,0.0,1143775.0,0.0
Santa Cruz Metropolitan Transit District,90006,Santa Cruz,CA,"Santa Cruz, CA",,277.0,258.0,3335381.0,270861.0,445.0,60.45,136385.0,63773.0,0.0,510058.0,0.0,0.0,0.0,54677.0,710216.0,54677.0
Transit Authority of Northern Kentucky,40019,Covington,KY,"Cincinnati, OH--KY",,269.0,242.0,4359435.0,278653.0,267.0,752.28,662452.0,106581.0,0.0,0.0,0.0,0.0,0.0,0.0,769033.0,0.0
"City of Gainesville, FL, dba: Regional Transit System",40030,Gainesville,FL,"Gainesville, FL",,278.0,426.0,3929003.0,163990.0,76.0,87.7,810323.0,97021.0,0.0,0.0,0.0,0.0,0.0,49380.0,907344.0,49380.0
Toledo Area Regional Transit Authority,50022,Toledo,OH,"Toledo, OH--MI",,292.0,378.0,3364518.0,374213.0,142.0,240.71,609283.0,0.0,0.0,0.0,0.0,0.0,0.0,0.0,609283.0,0.0
Whatcom Transportation Authority,21,Bellingham,WA,"Bellingham, WA",,288.0,288.0,3411682.0,225928.0,776.0,50.13,423421.0,93145.0,97322.0,0.0,0.0,0.0,0.0,70814.0,613888.0,70814.0
"Central Oklahoma Transportation and Parking Authority, dba: EMBARK",60017,Oklahoma City,OK,"Oklahoma City, OK",,256.0,432.0,4103488.0,783134.0,283.0,421.73,431359.0,4389.0,0.0,427223.0,0.0,0.0,1594300.0,56533.0,862971.0,1650833.0
City of Alexandria,30071,Alexandria,VA,"Washington--Arlington, DC--VA--MD",,288.0,206.0,2878581.0,159200.0,28.0,1294.51,,,,,,,,,,
Birmingham-Jefferson County Transit Authority,40042,Birmingham,AL,"Birmingham, AL",,249.0,188.0,2821414.0,541852.0,186.0,509.27,2455.0,20023.0,0.0,748036.0,0.0,0.0,0.0,0.0,770514.0,0.0
Alaska Railroad Corporation,41,Anchorage,AK,"Anchorage, AK",,307.5,60.0,1142075.0,352701.0,266.0,91.69,863824.0,0.0,0.0,0.0,0.0,0.0,0.0,0.0,863824.0,0.0
South Central Transit Authority,30202,Lancaster,PA,"Lancaster--Manheim, PA",,237.9,489.0,6038695.0,949401.0,1848.0,181.53,0.0,386527.0,0.0,0.0,616752.0,0.0,0.0,0.0,1003279.0,0.0
Central Pennsylvania Transportation Authority,30027,York,PA,"York, PA",,136.0,2464.0,8439961.0,1232111.0,5060.0,113.08,83863.0,888378.0,0.0,286795.0,0.0,0.0,0.0,0.0,1259036.0,0.0
Chatham Area Transit Authority,40025,Savannah,GA,"Savannah, GA",,302.82,248.0,2875219.0,296329.0,331.0,205.85,43652.0,100977.0,0.0,0.0,426880.0,0.0,0.0,96600.0,571509.0,96600.0
Lakeland Area Mass Transit District,40031,Lakeland,FL,"Lakeland, FL",,277.0,284.0,2597947.0,724777.0,77.0,145.93,191263.0,135011.0,0.0,0.0,0.0,0.0,0.0,0.0,326274.0,0.0
Ann Arbor Area Transportation Authority,50040,Ann Arbor,MI,"Ann Arbor, MI",,281.0,1135.0,6695972.0,258829.0,130.0,143.45,816866.0,128293.0,0.0,0.0,0.0,0.0,0.0,0.0,945159.0,0.0
"Corpus Christi Regional Transportation Authority, dba: The B",60051,Corpus Christi,TX,"Corpus Christi, TX",,212.09,468.0,5428959.0,350372.0,846.0,129.27,96937.0,238576.0,0.0,687067.0,0.0,0.0,0.0,0.0,1022580.0,0.0
"City of Tallahassee, dba: StarMetro",40036,Tallahassee,FL,"Tallahassee, FL",,207.0,615.0,2976290.0,196169.0,103.0,125.46,357163.0,91914.0,0.0,154731.0,0.0,0.0,0.0,698851.0,603808.0,698851.0
San Joaquin Regional Transit District,90012,Stockton,CA,"Stockton, CA",,231.5,805.0,2403764.0,782460.0,1426.0,92.46,,,,,,,,,,
"City of Montebello, dba: Montebello Bus Lines",90041,Montebello,CA,"Los Angeles--Long Beach--Anaheim, CA",,201.0,261.0,1815526.0,315074.0,151.0,1636.83,0.0,241019.0,0.0,394113.0,0.0,0.0,0.0,129.0,635132.0,129.0
"Town of Chapel Hill, dba: Chapel Hill Transit",40051,Chapel Hill,NC,"Durham, NC",,207.94,264.0,2115186.0,80218.0,62.0,183.36,411089.0,61300.0,0.0,0.0,0.0,0.0,0.0,19057.0,472389.0,19057.0
"Salem Area Mass Transit District, dba: Salem-Keizer Transit or Cherriots",25,Salem,OR,"Salem, OR",,223.22,596.0,3804477.0,230118.0,68.0,72.68,206648.0,119329.0,0.0,348127.0,44385.0,0.0,0.0,0.0,718489.0,0.0
Stark Area Regional Transit Authority,50011,Canton,OH,"Canton, OH",,229.0,132.0,3732757.0,375586.0,581.0,180.19,191100.0,0.0,0.0,381985.0,0.0,0.0,0.0,0.0,573085.0,0.0
Monterey-Salinas Transit,90062,Monterey,CA,"Seaside--Monterey--Pacific Grove, CA",,228.0,264.0,4461598.0,437325.0,159.0,41.18,477661.0,261963.0,0.0,0.0,0.0,0.0,0.0,116074.0,739624.0,116074.0
Gold Coast Transit District,90035,Oxnard,CA,"Oxnard--San Buenaventura (Ventura), CA",,226.0,142.0,2959453.0,374827.0,84.0,76.61,0.0,19019.0,0.0,764499.0,0.0,0.0,0.0,860.0,783518.0,860.0
"Central Contra Costa Transit Authority, dba: COUNTY CONNECTION",90078,Concord,CA,"Concord--Walnut Creek, CA",,218.0,354.0,4020363.0,627597.0,274.0,175.76,,,,,,,,,,
Metropolitan Tulsa Transit Authority,60018,Tulsa,OK,"Tulsa, OK",,194.0,234.0,3810773.0,504533.0,251.0,338.32,38990.0,22098.0,0.0,718122.0,0.0,0.0,0.0,17732.0,779210.0,17732.0
Laketran,50117,Painesville,OH,"Cleveland, OH",,256.75,288.0,3884284.0,232603.0,227.0,713.81,164800.0,80427.0,321051.0,0.0,0.0,0.0,0.0,756569.0,566278.0,756569.0
"Municipality of Anchorage, dba: Public Transportation",12,Anchorage,AK,"Anchorage, AK",,211.0,504.0,4833875.0,291247.0,77.0,91.69,541551.0,234753.0,0.0,0.0,0.0,0.0,0.0,0.0,776304.0,0.0
Rides Mass Transit District,50211,Harrisburg,IL,Illinois Non-UZA,,204.0,116.0,3325804.0,306981.0,7379.0,0.0,156938.0,272608.0,0.0,0.0,19397.0,30290.0,0.0,0.0,479233.0,0.0
"Research Triangle Regional Public Transportation Authority, dba: GoTriangle",40108,Durham,NC,"Durham, NC",,214.1,320.0,3586594.0,1924805.0,1665.0,183.36,525648.0,88589.0,0.0,0.0,0.0,0.0,0.0,51841.0,614237.0,51841.0
"Port Imperial Ferry Corporation, dba: NY Waterway",20190,Weehawken,NJ,"New York--Jersey City--Newark, NY--NJ",,244.0,72.0,778371.0,3658455.0,776.0,3248.12,2007927.0,0.0,0.0,0.0,0.0,0.0,0.0,0.0,2007927.0,0.0
"Lexington Transit Authority, dba: Lextran",40017,Lexington,KY,"Lexington-Fayette, KY",,203.0,285.0,3371670.0,295803.0,284.0,83.99,334672.0,200206.0,0.0,268042.0,0.0,0.0,0.0,80.0,802920.0,80.0
"City of Winston Salem, dba: Winston-Salem Transit Authority",40012,Winston Salem,NC,"Winston-Salem, NC",,206.0,116.0,3019601.0,253531.0,134.0,310.79,398545.0,163453.0,0.0,0.0,0.0,0.0,0.0,0.0,561998.0,0.0
Santa Barbara Metropolitan Transit District,90020,Santa Barbara,CA,"Santa Barbara, CA",,186.0,80.0,2534276.0,199668.0,52.0,54.81,527900.0,0.0,0.0,0.0,0.0,0.0,0.0,153040.0,527900.0,153040.0
Erie Metropolitan Transit Authority,30013,Erie,PA,"Erie, PA",,188.5,156.0,2552019.0,189872.0,77.0,73.34,,,,,,,,,,
Rock Region Metropolitan Transit Authority,60033,North Little Rock,AR,"Little Rock, AR",,205.29,415.0,3356286.0,202333.0,109.0,267.82,60411.0,167109.0,0.0,428043.0,0.0,0.0,251820.0,0.0,655563.0,251820.0
Chattanooga Area Regional Transportation Authority,40001,Chattanooga,TN,"Chattanooga, TN--GA",,200.08,258.0,2434529.0,181370.0,289.0,291.7,346388.0,118953.0,0.0,0.0,0.0,0.0,96320.0,717100.0,465341.0,813420.0
Worcester Regional Transit Authority,10014,Worcester,MA,"Worcester, MA--CT",,187.19,396.0,2927526.0,578732.0,866.0,260.29,388637.0,123143.0,0.0,0.0,0.0,0.0,0.0,0.0,511780.0,0.0
"City of Lubbock, dba: CITIBUS",60010,Lubbock,TX,"Lubbock, TX",,188.0,170.0,2345265.0,192574.0,50.0,106.27,349116.0,106745.0,0.0,0.0,0.0,0.0,0.0,35741.0,455861.0,35741.0
"City of Shreveport, dba: Shreveport Area Transit System",60024,Shreveport,LA,"Shreveport, LA",,170.28,106.0,3049676.0,275213.0,61.0,180.84,0.0,223942.0,0.0,274529.0,0.0,0.0,0.0,222103.0,498471.0,222103.0
"Hudson Transit Lines, Inc.",20126,Mahwah,NJ,"New York--Jersey City--Newark, NY--NJ",,184.0,74.0,4028768.0,187257.0,90.0,3248.12,944587.0,0.0,0.0,0.0,0.0,0.0,0.0,0.0,944587.0,0.0
"Laredo Transit Management, Inc., dba: El Metro",60009,Laredo,TX,"Laredo, TX",,177.6,88.0,1978140.0,254042.0,59.0,64.2,195189.0,54946.0,0.0,328187.0,0.0,0.0,0.0,0.0,578322.0,0.0
"Springfield Mass Transit District, dba: Sangamon Mass Transit District",50059,Springfield,IL,"Springfield, IL",,169.01,126.0,2360991.0,153594.0,65.0,81.74,0.0,93606.0,0.0,226662.0,218860.0,0.0,0.0,0.0,539128.0,0.0
Hill Country Transit District,60091,San Saba,TX,"Killeen, TX",,144.0,138.0,1547557.0,395300.0,8426.0,100.42,123246.0,164310.0,0.0,0.0,0.0,0.0,0.0,0.0,287556.0,0.0
Connecticut Department of Transportation- CTTransit Waterbury- NET,10128,Watertown,CT,"Waterbury, CT",,148.99,126.0,2160222.0,238853.0,116.0,92.44,,,,,,,,,,
"City of Torrance, dba: Torrance Transit System",90010,Torrance,CA,"Los Angeles--Long Beach--Anaheim, CA",,149.25,148.0,1575799.0,606911.0,103.0,1636.83,0.0,20706.0,0.0,540783.0,0.0,0.0,0.0,0.0,561489.0,0.0
"Cumberland Dauphin-Harrisburg Transit Authority, dba: Capital Area Transit",30014,,PA,"Harrisburg, PA",,131.0,460.0,3199843.0,511009.0,137.0,250.25,0.0,173118.0,0.0,0.0,394974.0,0.0,0.0,0.0,568092.0,0.0
Greater Bridgeport Transit Authority,10050,Bridgeport,CT,"Bridgeport--Stamford, CT--NY",,176.0,116.0,2308437.0,361904.0,102.0,397.29,510885.0,5248.0,0.0,0.0,0.0,0.0,0.0,108587.0,516133.0,108587.0
Greater Peoria Mass Transit District,50056,Peoria,IL,"Peoria, IL",,170.0,154.0,3277507.0,240110.0,105.0,145.79,0.0,115841.0,0.0,0.0,512999.0,0.0,0.0,13400.0,628840.0,13400.0
Duluth Transit Authority,50025,Duluth,MN,"Duluth, MN--WI",,209.97,122.0,2185898.0,102334.0,69.0,66.87,0.0,27246.0,0.0,0.0,382264.0,0.0,0.0,298264.0,409510.0,298264.0
Green Mountain Transit Authority,10066,Burlington,VT,"Burlington, VT",,165.53,536.0,4132760.0,292211.0,2079.0,62.01,293649.0,156455.0,0.0,0.0,0.0,0.0,0.0,45570.0,450104.0,45570.0
"City of Culver City, dba: Culver City Municipal Bus Lines",90039,Culver City,CA,"Los Angeles--Long Beach--Anaheim, CA",,143.66,78.0,1462776.0,529532.0,43.0,1636.83,0.0,0.0,0.0,642723.0,0.0,0.0,0.0,41109.0,642723.0,41109.0
Connecticut Department of Transportation - CTTRANSIT Stamford Division,10056,Hartford,CT,"Bridgeport--Stamford, CT--NY",,153.0,41.0,1604285.0,281327.0,133.0,397.29,,,,,,,,,,
"Manatee County Board of County Commissioners, dba: Manatee County Area Transit",40026,Sarasota,FL,"Bradenton--Sarasota--Venice, FL",,143.0,98.0,2207225.0,399710.0,743.0,404.28,341739.0,48190.0,0.0,0.0,0.0,0.0,0.0,0.0,389929.0,0.0
"Hampton Jitney, Inc.",20217,Calverton,NY,"New York--Jersey City--Newark, NY--NJ",,155.42,55.0,2428367.0,9908805.0,1215.0,3248.12,428924.0,0.0,0.0,0.0,0.0,0.0,0.0,0.0,428924.0,0.0
"Chelan Douglas PTBA , dba: Link Transit",43,Wenatchee,WA,"Wenatchee, WA",,160.13,156.0,2647784.0,108660.0,197.0,32.6,139295.0,158398.0,0.0,0.0,0.0,0.0,0.0,1065280.0,297693.0,1065280.0
Rock Island County Metropolitan Mass Transit District,50057,Moline,IL,"Davenport, IA--IL",,161.85,248.0,2642247.0,120378.0,46.0,134.86,35920.0,47779.0,0.0,523332.0,9284.0,0.0,0.0,192714.0,616315.0,192714.0
Puerto Rico Maritime Transport Authority,40175,San Juan,PR,"San Juan, PR",,178.0,26.0,194930.0,2390000.0,3500.0,763.6,1609541.0,0.0,0.0,0.0,0.0,0.0,0.0,0.0,1609541.0,0.0
"City of Lincoln, dba: StarTran",70001,Lincoln,NE,"Lincoln, NE",,120.5,146.0,2202203.0,291082.0,99.0,94.17,55173.0,22612.0,0.0,248974.0,0.0,0.0,0.0,247712.0,326759.0,247712.0
Kanawha Valley Regional Transportation Authority,30001,Charleston,WV,"Charleston, WV",,141.0,88.0,2549972.0,178281.0,902.0,92.92,312972.0,90030.0,0.0,0.0,0.0,0.0,0.0,0.0,403002.0,0.0
Rockford Mass Transit District,50058,Rockford,IL,"Rockford, IL",,130.86,147.0,2168326.0,285526.0,156.0,133.81,316219.0,99282.0,0.0,0.0,0.0,0.0,0.0,0.0,415501.0,0.0
"City of Everett, dba: EVERETT TRANSIT",5,Everett,WA,"Seattle--Tacoma, WA",,155.5,84.0,1625002.0,110629.0,34.0,982.52,228348.0,60534.0,0.0,0.0,0.0,0.0,0.0,705874.0,288882.0,705874.0
Luzerne County Transportation Authority,30015,Kingston,PA,"Scranton, PA",,157.46,124.0,2059042.0,295020.0,56.0,162.16,107214.0,118903.0,0.0,179645.0,0.0,0.0,0.0,0.0,405762.0,0.0
Suburban Transit Corporation,20128,New Brunswick,NJ,"New York--Jersey City--Newark, NY--NJ",,124.0,34.0,1292729.0,5443000.0,2898.0,3248.12,772193.0,0.0,0.0,0.0,0.0,0.0,0.0,0.0,772193.0,0.0
"Brevard Board of County Commissioners, dba: Space Coast Area Transit",40063,Titusville,FL,"Palm Bay--Melbourne, FL",,154.5,258.0,3178995.0,622159.0,1557.0,250.55,510625.0,74225.0,0.0,0.0,0.0,0.0,0.0,0.0,584850.0,0.0
County of Lackawanna Transit System,30025,Scranton,PA,"Scranton, PA",,147.0,288.0,1957332.0,214437.0,170.0,162.16,83283.0,83222.0,0.0,163207.0,0.0,0.0,0.0,0.0,329712.0,0.0
"Sarasota County , dba: Sarasota County Area Transit",40046,Sarasota,FL,"Bradenton--Sarasota--Venice, FL",,136.6,321.0,5223911.0,517423.0,610.0,404.28,438736.0,275188.0,0.0,0.0,0.0,0.0,0.0,0.0,713924.0,0.0
"Pasco County Board of County Commissioners, dba: Pasco County Public Transportation",40074,New Port Richey,FL,"Tampa--St. Petersburg, FL",,127.88,84.0,2051371.0,584067.0,747.0,968.94,313567.0,72142.0,0.0,0.0,0.0,0.0,0.0,0.0,385709.0,0.0
Cape May Lewes Ferry,20223,New Castle,DE,"Atlantic City--Ocean City--Villas, NJ",,190.0,3.0,71640.0,332641.0,1187.0,162.87,870031.0,0.0,0.0,0.0,0.0,0.0,0.0,0.0,870031.0,0.0
"Hyannis Harbor Tours, Inc.",11239,Hyannis,MA,"Barnstable Town, MA",,235.0,4.0,162994.0,210049.0,394.0,341.28,,,,,,,,,,
"City of Wichita , dba: Wichita Transit",70015,Wichita,KS,"Wichita, KS",,130.8,130.0,2442883.0,395745.0,164.0,226.84,257872.0,107903.0,0.0,0.0,0.0,0.0,0.0,461957.0,365775.0,461957.0
"Greater Lafayette Public Transportation Corporation, dba: CityBus",50051,Lafayette,IN,"Lafayette, IN",,140.0,110.0,1919629.0,134333.0,74.0,68.74,57877.0,443.0,0.0,398384.0,0.0,0.0,0.0,0.0,456704.0,0.0
Western Reserve Transit Authority,50024,Youngstown,OH,"Youngstown, OH",,117.75,108.0,2408709.0,426657.0,331.0,195.96,309182.0,91134.0,0.0,0.0,0.0,0.0,0.0,0.0,400316.0,0.0
"St. Cloud Metropolitan Transit Commission, dba: Metro Bus",50028,Saint Cloud,MN,"St. Cloud, MN",,135.53,138.0,1727352.0,110606.0,29.0,53.97,32655.0,0.0,0.0,354357.0,0.0,0.0,0.0,0.0,387012.0,0.0
Bloomington-Normal Public Transit System,50047,Normal,IL,"Bloomington--Normal, IL",,141.0,135.0,1707653.0,131416.0,46.0,50.36,,,,,,,,,,
"Rockland Coaches, Inc.",20149,Westwood,NJ,"New York--Jersey City--Newark, NY--NJ",,82.0,33.0,1535904.0,1246231.0,2898.0,3248.12,283362.0,0.0,0.0,0.0,0.0,0.0,0.0,0.0,283362.0,0.0
"Ride Connection, Inc.",376,Portland,OR,"Portland, OR--WA",,164.0,180.0,614734.0,1415900.0,1192.0,519.3,0.0,62827.0,0.0,0.0,0.0,0.0,0.0,675.0,62827.0,675.0
"Westmoreland County , dba: Westmoreland County Transit Authority",30044,Greensburg,PA,"Pittsburgh, PA",,132.0,146.0,2760716.0,296066.0,668.0,906.64,,,,,,,,,,
"City of Gardena, dba: GTrans",90042,Gardena,CA,"Los Angeles--Long Beach--Anaheim, CA",,152.81,60.0,1210726.0,816700.0,88.0,1636.83,0.0,240109.0,0.0,185437.0,0.0,0.0,0.0,26885.0,425546.0,26885.0
Centre Area Transportation Authority,30054,State College,PA,"State College, PA",,168.7,264.0,2602386.0,104135.0,92.0,25.92,0.0,50827.0,0.0,452565.0,0.0,0.0,0.0,0.0,503392.0,0.0
Skagit Transit,44,Burlington,WA,"Mount Vernon, WA",,134.24,276.0,2500536.0,116627.0,760.0,30.66,249126.0,30297.0,85292.0,0.0,0.0,0.0,0.0,0.0,364715.0,0.0
Norwalk Transit District,10057,Norwalk,CT,"Bridgeport--Stamford, CT--NY",,136.54,171.0,1333192.0,118325.0,45.0,397.29,159833.0,94799.0,0.0,0.0,0.0,0.0,0.0,0.0,254632.0,0.0
University of Michigan Parking and Transportation Services,50158,Ann Arbor,MI,"Ann Arbor, MI",,138.6,46.0,1409042.0,66641.0,12.0,143.45,305323.0,0.0,0.0,0.0,0.0,0.0,0.0,0.0,305323.0,0.0
South Bend Public Transportation Corporation,50052,South Bend,IN,"South Bend, IN--MI",,96.0,112.0,1736349.0,154346.0,68.0,147.93,0.0,49471.0,0.0,275721.0,50683.0,0.0,0.0,0.0,375875.0,0.0
Fort Wayne Public Transportation Corporation,50044,Fort Wayne,IN,"Fort Wayne, IN",,124.4,80.0,1842150.0,279469.0,123.0,163.6,0.0,25049.0,0.0,0.0,294406.0,0.0,0.0,0.0,319455.0,0.0
Sonoma-Marin Area Rail Transit District,90299,Petaluma,CA,"Santa Rosa, CA",,129.0,10.0,681186.0,746093.0,2596.0,79.39,224373.0,0.0,0.0,0.0,0.0,0.0,0.0,0.0,224373.0,0.0
"Town of Blacksburg, dba: Blacksburg Transit",30091,Blacksburg,VA,"Blacksburg--Christiansburg, VA",,239.75,82.0,1149382.0,73554.0,34.0,33.98,243455.0,20281.0,0.0,0.0,0.0,0.0,0.0,119732.0,263736.0,119732.0
Rogue Valley Transportation District,34,Medford,OR,"Medford, OR",,120.0,90.0,1666100.0,173199.0,78.0,63.02,30614.0,34453.0,0.0,231869.0,0.0,0.0,0.0,0.0,296936.0,0.0
Cambria County Transit Authority,30012,Johnstown,PA,"Johnstown, PA",,109.75,138.0,1412098.0,133472.0,688.0,34.7,,,,,,,,,,
"City of Montgomery, dba: The M (Montgomery Area Transit System)",40044,Montgomery,AL,"Montgomery, AL",,122.0,50.0,1409243.0,205764.0,135.0,145.1,34947.0,161008.0,0.0,0.0,0.0,0.0,0.0,0.0,195955.0,0.0
"SeaStreak, LLC",20226,Atlantic Highlands,NJ,"New York--Jersey City--Newark, NY--NJ",,259.0,7.0,143935.0,3658455.0,776.0,3248.12,1701973.0,0.0,0.0,0.0,0.0,0.0,0.0,0.0,1701973.0,0.0
Greater Roanoke Transit Company,30007,Roanoke,VA,"Roanoke, VA",,105.0,82.0,2407592.0,132259.0,43.0,125.5,,,,,,,,,,
Tompkins Consolidated Area Transit,20145,Ithaca,NY,"Ithaca, NY",,114.0,96.0,1832552.0,104777.0,476.0,24.56,310801.0,54399.0,0.0,0.0,0.0,0.0,0.0,186344.0,365200.0,186344.0
Greater New Haven Transit District,10049,Hamden,CT,"New Haven, CT",,156.0,51.0,1992352.0,451486.0,197.0,298.01,0.0,254935.0,0.0,0.0,0.0,0.0,0.0,0.0,254935.0,0.0
"City of Fort Collins, dba: Transfort",80011,Fort Collins,CO,"Fort Collins, CO",,145.1,240.0,1454353.0,169810.0,54.0,117.98,0.0,0.0,20190.0,341867.0,0.0,0.0,0.0,36321.0,362057.0,36321.0
"Ames Transit Agency, dba: CyRide",70041,Ames,IA,"Ames, IA",,205.4,116.0,1341838.0,54445.0,15.0,22.36,312219.0,13015.0,0.0,0.0,24697.0,0.0,0.0,0.0,349931.0,0.0
"Broome County, dba: Department of Transportation/BC Transit",20003,Binghamton,NY,"Binghamton, NY",,114.49,100.0,1633932.0,198963.0,712.0,69.73,251939.0,55561.0,0.0,0.0,0.0,0.0,0.0,0.0,307500.0,0.0
"City of Mobile, dba: THE WAVE TRANSIT SYSTEM",40043,Mobile,AL,"Mobile, AL",,109.0,74.0,1693582.0,203900.0,137.0,220.75,234494.0,121886.0,0.0,0.0,0.0,0.0,0.0,0.0,356380.0,0.0
"City of Fayetteville, dba: Fayetteville Area System of Transit",40009,Fayetteville,NC,"Fayetteville, NC",,111.0,111.0,1630457.0,166900.0,95.0,195.92,251787.0,52921.0,4591.0,0.0,0.0,0.0,0.0,0.0,309299.0,0.0
"University of California, Davis, dba: ASUCD-Unitrans",90142,Davis,CA,"Davis, CA",,278.0,25.0,636992.0,70827.0,13.0,12.16,,,,,,,,,,
Brazos Transit District,60059,Bryan,TX,"College Station--Bryan, TX",,100.0,130.0,2470674.0,132500.0,74.0,81.63,103873.0,217847.0,0.0,0.0,0.0,0.0,0.0,0.0,321720.0,0.0
Saginaw Transit Authority Regional Service,50039,Saginaw,MI,"Saginaw, MI",,115.0,112.0,945623.0,200169.0,63.0,65.73,162604.0,24218.0,0.0,0.0,0.0,0.0,0.0,0.0,186822.0,0.0
"Ms Coast Transportation Authority, dba: Coast Transit Authority",40014,Gulfport,MS,"Gulfport--Biloxi, MS",,102.0,204.0,2025969.0,124940.0,80.0,168.64,151257.0,40291.0,12247.0,0.0,0.0,0.0,0.0,8743.0,203795.0,8743.0
Housatonic Area Regional Transit,10051,Danbury,CT,"Danbury, CT--NY",,110.5,86.0,1568672.0,154855.0,124.0,118.49,,,,,,,,,,
"Blue Water Area Transportation Commission, dba: Blue Water Area Transit",50148,Port Huron,MI,"Port Huron, MI",,139.94,828.0,2706471.0,159128.0,700.0,52.51,77381.0,1579.0,0.0,309071.0,0.0,0.0,0.0,50955.0,388031.0,50955.0
Central County Transportation Authority,50035,Kalamazoo,MI,"Kalamazoo, MI",,115.0,132.0,2327567.0,261670.0,580.0,109.46,,,,,,,,,,
Denton County Transportation Authority,60101,Lewisville,TX,"Denton--Lewisville, TX",,97.66,1098.0,6351040.0,593632.0,155.0,150.48,424401.0,256046.0,0.0,0.0,0.0,0.0,0.0,0.0,680447.0,0.0
"JAUNT, Inc.",30045,Charlottesville,VA,"Charlottesville, VA",,110.0,128.0,1463398.0,273354.0,2719.0,36.87,0.0,212701.0,0.0,0.0,0.0,0.0,0.0,206.0,212701.0,206.0
Via Mobility Services,80285,Boulder,CO,"Boulder, CO",,129.0,55.0,961709.0,2991231.0,2500.0,25.45,0.0,122968.0,0.0,3106.0,0.0,0.0,0.0,87917.0,126074.0,87917.0
Greater Portland Transit District,10016,Portland,ME,"Portland, ME",,98.0,30.0,1413879.0,109535.0,71.0,123.88,211763.0,0.0,0.0,52999.0,0.0,0.0,0.0,50599.0,264762.0,50599.0
San Luis Obispo Regional Transit Authority,90206,San Luis Obispo,CA,"San Luis Obispo, CA",,110.57,82.0,1779785.0,206008.0,130.0,14.11,231741.0,62339.0,0.0,0.0,0.0,0.0,0.0,0.0,294080.0,0.0
First Tennessee Human Resource Agency,40950,Johnson City,TN,"Johnson City, TN",,90.99,49.0,2927414.0,516931.0,2769.0,106.03,0.0,152168.0,48138.0,0.0,0.0,0.0,0.0,0.0,200306.0,0.0
"Dutchess County, dba: Dutchess County Public Transit",20010,Poughkeepsie,NY,"Poughkeepsie--Newburgh, NY",,97.0,94.0,1525862.0,314766.0,175.0,209.92,261092.0,0.0,0.0,0.0,0.0,0.0,0.0,0.0,261092.0,0.0
"City of Brownsville , dba: Brownsville Metro",60014,Brownsville,TX,"Brownsville, TX",,90.0,48.0,947215.0,181860.0,164.0,62.1,191613.0,33274.0,0.0,0.0,0.0,0.0,0.0,0.0,224887.0,0.0
"City of Santa Fe, dba: Santa Fe Trails",60077,,NM,"Santa Fe, NM",,93.0,58.0,790507.0,85627.0,41.0,46.8,3080.0,9451.0,0.0,184896.0,0.0,0.0,0.0,0.0,197427.0,0.0
"Escambia County Board of County Commissioners, FL, dba: Escambia County Area Transit Authority",40038,Pensacola,FL,"Pensacola, FL--AL",,87.0,172.0,2399322.0,241661.0,189.0,262.54,246423.0,100210.0,0.0,0.0,0.0,0.0,0.0,0.0,346633.0,0.0
Lower Rio Grande Valley Development Council,60090,Weslaco,TX,"McAllen, TX",,93.33,70.0,1980707.0,1162453.0,4645.0,326.22,171542.0,178384.0,0.0,0.0,0.0,0.0,0.0,0.0,349926.0,0.0
"Academy Lines, Inc.",20122,Hoboken,NJ,"New York--Jersey City--Newark, NY--NJ",,146.0,134.0,3065897.0,1455245.0,468.0,3248.12,668954.0,0.0,0.0,0.0,0.0,0.0,0.0,0.0,668954.0,0.0
"City of Norwalk , dba: Norwalk Transit System",90022,Norwalk,CA,"Los Angeles--Long Beach--Anaheim, CA",,133.0,62.0,1078263.0,637365.0,37.0,1636.83,0.0,51338.0,0.0,277485.0,0.0,0.0,0.0,64418.0,328823.0,64418.0
The Tri-County Council for the Lower Eastern Shore of Maryland,30096,Salisbury,MD,"Salisbury, MD--DE",,101.0,64.0,1800333.0,181696.0,1031.0,48.39,,,,,,,,,,
Portage Area Regional Transportation Authority,50021,Kent,OH,"Akron, OH",,117.0,86.0,1173536.0,162466.0,504.0,300.64,101677.0,89947.0,0.0,33659.0,0.0,0.0,0.0,0.0,225283.0,0.0
Detroit Transportation Corporation,50141,Detroit,MI,"Detroit, MI",,73.0,4.0,20123.0,92477.0,3.0,1284.83,,,,,,,,,,
"City of Williamsport, dba: River Valley Transit",30026,Williamsport,PA,"Williamsport, PA",,89.0,62.0,992809.0,67938.0,92.0,27.72,,,,,,,,,,
"Northern Arizona Intergovernmental Public Transportation Authority, dba: Mountain Line public transit",90219,Flagstaff,AZ,"Flagstaff, AZ",,83.8,87.0,1102475.0,71917.0,29.0,29.26,,,,,,,,,,
"Su Tran LLC , dba: Sioux Area Metro",80002,Sioux Falls,SD,"Sioux Falls, SD",,88.0,62.0,851462.0,141400.0,51.0,67.9,135498.0,19332.0,0.0,0.0,0.0,0.0,0.0,0.0,154830.0,0.0
Bloomington Public Transportation Corporation,50110,Bloomington,IN,"Bloomington, IN",,88.29,62.0,1044554.0,86987.0,21.0,43.04,220715.0,23485.0,0.0,0.0,0.0,0.0,0.0,87966.0,244200.0,87966.0
STAR Transit,60114,Terrell,TX,"Dallas--Fort Worth--Arlington, TX",,91.0,104.0,1481041.0,464887.0,981.0,1746.9,0.0,211703.0,0.0,0.0,0.0,0.0,0.0,0.0,211703.0,0.0
"University of Georgia, dba: University of Georgia Transit System",40180,Athens,GA,"Athens-Clarke County, GA",,192.0,132.0,602408.0,119648.0,14.0,91.85,,,,,,,,,,
Ulster County,20178,Kingston,NY,"Poughkeepsie--Newburgh, NY",,76.0,60.0,1072162.0,175883.0,350.0,209.92,62400.0,54300.0,0.0,0.0,0.0,0.0,0.0,63461.0,116700.0,63461.0
Butler County Regional Transit Authority,50157,Hamilton,OH,"Cincinnati, OH--KY",,94.0,108.0,956320.0,390357.0,470.0,752.28,53158.0,117856.0,0.0,0.0,0.0,0.0,0.0,0.0,171014.0,0.0
"Audubon Area Community Services, Inc.",41105,Owensboro,KY,"Owensboro, KY",,131.0,44.0,1421213.0,216306.0,2693.0,36.4,,,,,,,,,,
Cache Valley Transit District,80028,Logan,UT,"Logan, UT",,124.05,56.0,1318851.0,95500.0,33.0,47.72,209231.0,22126.0,0.0,0.0,0.0,0.0,0.0,0.0,231357.0,0.0
"Missoula Urban Transportation District, dba: Mountain Line",80009,Missoula,MT,"Missoula, MT",,119.32,64.0,913079.0,73340.0,70.0,44.29,111490.0,28806.0,0.0,0.0,0.0,0.0,0.0,192074.0,140296.0,192074.0
"City of Springfield, dba: City Utilities of Springfield, MO",70003,Springfield,MO,"Springfield, MO",,77.95,44.0,1228189.0,198042.0,96.0,134.33,,,,,,,,,,
"Greenville Transit Authority, dba: Greenlink",40053,Greenville,SC,"Greenville, SC",,72.0,46.0,1115570.0,202390.0,94.0,262.17,185825.0,25328.0,0.0,0.0,0.0,0.0,0.0,176009.0,211153.0,176009.0
Greater Lynchburg Transit Company,30008,Lynchburg,VA,"Lynchburg, VA",,108.0,36.0,1099361.0,80846.0,72.0,91.6,205293.0,24958.0,0.0,0.0,0.0,0.0,0.0,0.0,230251.0,0.0
Bay Metropolitan Transit Authority,50029,Bay City,MI,"Bay City, MI",,79.2,100.0,1082770.0,103856.0,442.0,39.93,148508.0,0.0,13162.0,0.0,0.0,0.0,0.0,0.0,161670.0,0.0
"Trans-Bridge Lines, Inc.",20169,Bethlehem,PA,"New York--Jersey City--Newark, NY--NJ",,115.0,16.0,1269212.0,194009.0,353.0,3248.12,0.0,0.0,0.0,0.0,241888.0,0.0,0.0,0.0,241888.0,0.0
"City of Waco, dba: Waco Transit System, Inc.",60012,Waco,TX,"Waco, TX",,153.5,62.0,1291872.0,198361.0,99.0,89.88,206516.0,39947.0,0.0,0.0,0.0,0.0,0.0,0.0,246463.0,0.0
Topeka Metropolitan Transit Authority,70014,Topeka,KS,"Topeka, KS",,84.4,136.0,930914.0,127473.0,58.0,84.24,,,,,,,,,,
"City of Racine, Wisconsin, dba: RYDE",50006,Racine,WI,"Racine, WI",,82.92,111.0,1315039.0,112100.0,27.0,52.26,264669.0,18031.0,0.0,0.0,0.0,0.0,0.0,41999.0,282700.0,41999.0
Golden Crescent Regional Planning Commission,60095,Victoria,TX,"Victoria, TX",,98.0,105.0,1103695.0,65534.0,37.0,33.6,9920.0,190662.0,0.0,0.0,0.0,0.0,0.0,0.0,200582.0,0.0
Beaver County Transit Authority,30023,Rochester,PA,"Pittsburgh, PA",,72.1,60.0,1171652.0,168215.0,440.0,906.64,36072.0,70879.0,0.0,131916.0,0.0,0.0,0.0,0.0,238867.0,0.0
"Metropolitan Evansville Transit System, dba: METS",50043,Evansville,IN,"Evansville, IN",,88.99,52.0,1262911.0,118930.0,45.0,112.75,210120.0,24116.0,0.0,0.0,0.0,0.0,0.0,0.0,234236.0,0.0
"City of Huntsville, Alabama, dba: Department of Parking & Public Transit",40071,Huntsville,AL,"Huntsville, AL",,95.34,64.0,1346943.0,114598.0,56.0,214.77,,,,,,,,,,
The Tri-State Transit Authority,30002,Hunnington,WV,"Huntington, WV--KY--OH",,74.0,66.0,1281192.0,144339.0,92.0,128.87,174923.0,46828.0,0.0,0.0,0.0,0.0,0.0,0.0,221751.0,0.0
Southeast Area Transit District,10040,Preston,CT,"Norwich--New London, CT",,73.64,87.0,1292242.0,268805.0,156.0,116.72,192195.0,35369.0,0.0,0.0,10120.0,0.0,0.0,0.0,237684.0,0.0
Gary Public Transportation Corporation,50045,Gary,IN,"Chicago, IL--IN",,59.35,44.0,900754.0,102746.0,38.0,2337.89,116760.0,36582.0,0.0,0.0,0.0,0.0,0.0,0.0,153342.0,0.0
"Frederick County, Maryland, dba: TransIT Services of Frederick County",30072,Frederick,MD,"Frederick, MD",,103.21,72.0,1156253.0,70036.0,18.0,80.29,,,,,,,,,,
Muncie Indiana Transit System,50054,Muncie,IN,"Muncie, IN",,69.75,72.0,922230.0,70085.0,27.0,48.2,0.0,0.0,43584.0,0.0,139992.0,0.0,0.0,0.0,183576.0,0.0
"Orange-Newark-Elizabeth, Inc.",20166,Elizabeth,NJ,"New York--Jersey City--Newark, NY--NJ",,69.5,34.0,894936.0,520687.0,31.0,3248.12,221969.0,0.0,0.0,0.0,0.0,0.0,0.0,0.0,221969.0,0.0
"County of Placer, dba: Placer County Department of Public Works",90196,Auburn,CA,"Sacramento, CA",,69.35,225.0,2229006.0,392258.0,169.0,467.58,,,,,,,,,,
"Athens-Clarke County Unified Government, dba: Athens-Clarke County Transit Department",40047,Athens,GA,"Athens-Clarke County, GA",,80.3,38.0,849020.0,119980.0,44.0,91.85,182598.0,20549.0,0.0,0.0,0.0,0.0,0.0,0.0,203147.0,0.0
Casco Bay Island Transit District,10088,Portland,ME,"Portland, ME",,126.0,4.0,102132.0,66765.0,111.0,123.88,,,,,,,,,,
University of Iowa,70019,Iowa City,IA,"Iowa City, IA",,153.35,56.0,684481.0,78440.0,30.0,50.83,166023.0,2268.0,0.0,0.0,0.0,0.0,0.0,0.0,168291.0,0.0
"Somerset County, dba: Somerset County Transportation",20209,Somerville,NJ,"New York--Jersey City--Newark, NY--NJ",,86.0,114.0,1015190.0,324194.0,305.0,3248.12,21287.0,166575.0,0.0,0.0,0.0,0.0,0.0,0.0,187862.0,0.0
"City of Harrisonburg, dba: Harrisonburg Department of Public Transportation",30094,Harrisonburg,VA,"Harrisonburg, VA",,131.5,80.0,787587.0,53855.0,17.0,31.1,,,,,,,,,,
"City of Galveston , dba: City of Galveston Island Transit",60015,Galveston,TX,"Galveston--Texas City, TX",,42.5,39.0,248396.0,50307.0,32.0,108.98,,,,,,,,,,
DeCamp Bus Lines,20161,Montclair,NJ,"New York--Jersey City--Newark, NY--NJ",,89.0,14.0,609618.0,892714.0,74.0,3248.12,214773.0,0.0,0.0,0.0,0.0,0.0,0.0,0.0,214773.0,0.0
"Western Piedmont Regional Transit Authority , dba: dba: Greenway Public Transportation",40172,Conover,NC,"Hickory, NC",,68.5,106.0,912106.0,372155.0,1665.0,221.34,,,,,,,,,,
"Adirondack Transit Lines, Inc,",20177,Hurley,NY,"New York--Jersey City--Newark, NY--NJ",,73.0,13.0,1413758.0,9428015.0,10702.0,3248.12,217501.0,0.0,0.0,0.0,0.0,0.0,0.0,0.0,217501.0,0.0
"Lakeland Bus Lines, Inc.",20163,Dover,NJ,"New York--Jersey City--Newark, NY--NJ",,111.0,36.0,1043075.0,527906.0,250.0,3248.12,293079.0,0.0,0.0,0.0,0.0,0.0,0.0,0.0,293079.0,0.0
"Bergen County, dba: Bergen County Community Transportation",20192,Hackensack,NJ,"New York--Jersey City--Newark, NY--NJ",,86.0,94.0,625828.0,955732.0,247.0,3248.12,0.0,88760.0,0.0,0.0,0.0,0.0,0.0,0.0,88760.0,0.0
"City of Commerce, dba: City of Commerce Municipal Buslines",90043,Commerce,CA,"Los Angeles--Long Beach--Anaheim, CA",,79.25,28.0,452573.0,12997.0,11.0,1636.83,,,,,,,,,,
City of Santa Rosa,90017,Santa Rosa,CA,"Santa Rosa, CA",,74.56,93.0,952452.0,175775.0,51.0,79.39,,,,,,,,,,
Macatawa Area Express Transportation Authority,50184,Holland,MI,"Holland, MI",,81.0,38.0,662377.0,90852.0,45.0,64.8,48485.0,60362.0,0.0,0.0,0.0,0.0,0.0,0.0,108847.0,0.0
"City of Kenosha, dba: Kenosha Area Transit",50003,Kenosha,WI,"Kenosha, WI",,80.03,171.0,1114046.0,99894.0,27.0,56.17,181311.0,36431.0,0.0,0.0,0.0,0.0,93588.0,0.0,217742.0,93588.0
"Transit Authority of Central Kentucky, dba: TACK Transit",40191,Elizabethtown,KY,"Elizabethtown--Radcliff, KY",,81.33,68.0,1446401.0,140786.0,929.0,55.83,,,,,,,,,,
Monroe County Transportation  Authority,30137,Swiftwater,PA,Pennsylvania Non-UZA,,71.0,56.0,1225485.0,168327.0,610.0,0.0,34279.0,97411.0,0.0,39263.0,0.0,0.0,0.0,0.0,170953.0,0.0
River Bend Transit,70049,Davenport,IA,"Davenport, IA--IL",,106.78,70.0,989558.0,555862.0,2791.0,134.86,0.0,154221.0,0.0,0.0,0.0,0.0,0.0,0.0,154221.0,0.0
Concho Valley Transit District,60102,San Angelo,TX,"San Angelo, TX",,113.0,70.0,1249791.0,162152.0,15355.0,49.27,2412.0,194366.0,0.0,0.0,0.0,0.0,0.0,0.0,196778.0,0.0
"City of Columbia, dba: Go COMO",70016,Columbia,MO,"Columbia, MO",,54.0,50.0,666245.0,126853.0,67.0,67.2,0.0,36477.0,0.0,36214.0,63375.0,0.0,0.0,105910.0,136066.0,105910.0
Williamsburg Area Transit Authority,30076,Williamsburg,VA,"Williamsburg, VA",,98.0,30.0,1019051.0,70200.0,65.0,69.87,140007.0,20632.0,0.0,0.0,0.0,0.0,0.0,0.0,160639.0,0.0
Alamo Area Council of Governments,60130,San Antonio,TX,"New Braunfels, TX",,62.27,45.0,1957943.0,534945.0,10185.0,50.43,0.0,258554.0,0.0,0.0,0.0,0.0,0.0,0.0,258554.0,0.0
"City of Yakima, dba: Yakima Transit",6,Yakima,WA,"Yakima, WA",,75.0,132.0,1153763.0,100715.0,33.0,55.77,175564.0,29718.0,0.0,0.0,0.0,0.0,0.0,0.0,205282.0,0.0
"Prince George's County, Maryland, dba: Prince George's County Transit",30085,Upper Marlboro,MD,"Washington--Arlington, DC--VA--MD",,60.5,186.0,3590790.0,967201.0,487.0,1294.51,845985.0,93432.0,14777.0,0.0,0.0,0.0,0.0,0.0,954194.0,0.0
"City of Billings, dba: Metropolitan Transit System",80004,Billings,MT,"Billings, MT",,54.8,56.0,841212.0,110323.0,44.0,54.7,,,,,,,,,,
Tahoe Transportation District,91092,Stateline,NV,"Lake Tahoe, CA-NV",,56.97,39.0,465640.0,150242.0,73.0,37.0,63495.0,1279.0,0.0,0.0,0.0,0.0,0.0,0.0,64774.0,0.0
"City of Cedar Rapids, dba: Cedar Rapids Transit",70008,Cedar Rapids,IA,"Cedar Rapids, IA",,56.05,52.0,1157118.0,158890.0,78.0,86.03,200015.0,18142.0,0.0,0.0,0.0,0.0,0.0,0.0,218157.0,0.0
Great Falls Transit District,80012,Great Falls,MT,"Great Falls, MT",,60.16,46.0,729165.0,64735.0,20.0,30.3,89312.0,17788.0,0.0,0.0,0.0,0.0,0.0,0.0,107100.0,0.0
"City of Appleton, dba: Valley Transit",50001,Appleton,WI,"Appleton, WI",,55.0,141.0,1708375.0,230967.0,117.0,107.78,139881.0,57934.0,0.0,0.0,0.0,0.0,0.0,0.0,197815.0,0.0
Cooperative Alliance for Seacoast Transportation,10086,Dover,NH,"Dover--Rochester, NH--ME",,63.0,46.0,855996.0,166975.0,368.0,52.31,54253.0,43504.0,0.0,0.0,42510.0,0.0,0.0,0.0,140267.0,0.0
"City of Jackson Transportation Authority, dba: Jackson Area Transportation Authority",50034,Jackson,MI,"Jackson, MI",,51.0,36.0,613376.0,160366.0,702.0,52.03,88847.0,21726.0,0.0,0.0,0.0,0.0,0.0,0.0,110573.0,0.0
"County of Fayette, dba: Fayette Area Coordinated Transportation",30087,Uniontown,PA,Pennsylvania Non-UZA,,45.69,52.0,1314398.0,136606.0,812.0,0.0,10665.0,122702.0,0.0,35281.0,0.0,0.0,0.0,0.0,168648.0,0.0
Cities Area Transit,80008,Grand Forks,ND,"Grand Forks, ND--MN",,56.0,44.0,650859.0,61298.0,26.0,26.48,15036.0,31632.0,0.0,0.0,35085.0,0.0,0.0,0.0,81753.0,0.0
"City of Waukesha , dba: Waukesha Metro Transit",50096,Waukesha,WI,"Milwaukee, WI",,51.4,160.0,1104951.0,141642.0,43.0,463.68,210444.0,9464.0,0.0,0.0,0.0,0.0,0.0,0.0,219908.0,0.0
"City of Green Bay, dba: Green Bay Metro",50002,Green Bay,WI,"Green Bay, WI",,39.0,54.0,1179483.0,176664.0,90.0,113.66,142415.0,37131.0,0.0,0.0,0.0,0.0,0.0,0.0,179546.0,0.0
"Spartanburg Regional Health Services, Inc.",40244,Spartanburg,SC,"Spartanburg, SC",,53.73,26.0,1001637.0,335864.0,811.0,181.0,0.0,135848.0,258.0,0.0,0.0,0.0,0.0,0.0,136106.0,0.0
"Senior Citizens United Community Services of Camden County, Inc.",20204,Audubon,NJ,"Philadelphia, PA--NJ--DE--MD",,51.0,47.0,734311.0,508932.0,222.0,1898.19,156.0,93908.0,0.0,0.0,0.0,0.0,0.0,0.0,94064.0,0.0
"City of La Crosse, dba: LaCrosse Municipal Transit Utility",50004,La Crosse,WI,"La Crosse, WI--MN",,58.0,52.0,1134812.0,79727.0,36.0,42.24,156336.0,8830.0,0.0,0.0,0.0,0.0,0.0,65780.0,165166.0,65780.0
"Lake Erie Transportation Commission, dba: Lake Erie Transit",50522,,MI,"Monroe, MI",,78.15,42.0,519487.0,94296.0,153.0,35.35,52303.0,3970.0,0.0,0.0,0.0,0.0,0.0,0.0,56273.0,0.0
Ohio Valley Regional Transportation Authority,30035,Wheeling,WV,"Wheeling, WV--OH",,47.0,34.0,794307.0,57416.0,27.0,36.81,127628.0,23992.0,0.0,0.0,0.0,0.0,0.0,0.0,151620.0,0.0
"Licking County, Ohio, dba: Licking County Transit Board",50163,Newark,OH,"Newark, OH",,49.0,18.0,870080.0,181359.0,683.0,44.09,11.0,99756.0,0.0,0.0,0.0,0.0,0.0,0.0,99767.0,0.0
"Town of Huntington, dba: Huntington Area Rapid Transit",20071,Huntington,NY,"New York--Jersey City--Newark, NY--NJ",,50.55,36.0,650628.0,204127.0,93.0,3248.12,21033.0,60911.0,0.0,0.0,0.0,0.0,0.0,0.0,81944.0,0.0
"City of Iowa City, dba: Iowa City Transit",70018,Iowa City,IA,"Iowa City, IA",,48.65,42.0,732465.0,77554.0,26.0,50.83,170151.0,0.0,0.0,0.0,0.0,0.0,0.0,86400.0,170151.0,86400.0
"City of Wilsonville, dba: South Metro Area Regional Transit",46,Wilsonville,OR,"Portland, OR--WA",,45.5,38.0,643128.0,73800.0,80.0,519.3,25167.0,24966.0,0.0,19195.0,0.0,0.0,0.0,213262.0,69328.0,213262.0
"M-1 Rail, dba: QLINE Detroit",50213,Detroit,MI,"Detroit, MI",,41.04,4.0,122684.0,21738.0,6.0,1284.83,0.0,0.0,0.0,0.0,0.0,0.0,2268532.0,0.0,0.0,2268532.0
County of Lebanon Transit Authority,30095,Lebanon,PA,"Lebanon, PA",,40.0,48.0,765802.0,133568.0,362.0,32.71,,,,,,,,,,
"City of Clemson, dba: Clemson Area Transit",40208,Clemson,SC,"Anderson--Clemson, SC",,55.0,18.0,674809.0,27983.0,17.0,95.94,79003.0,0.0,0.0,0.0,0.0,0.0,0.0,388109.0,79003.0,388109.0
"Altoona Metro Transit, dba: AMTRAN",30011,Altoona,PA,"Altoona, PA",,47.0,99.0,572910.0,69608.0,25.0,37.01,5240.0,7274.0,0.0,165175.0,0.0,0.0,0.0,0.0,177689.0,0.0
Santee Wateree Regional Transportation Authority,40100,Sumter,SC,"Sumter, SC",,47.25,129.0,448031.0,106512.0,4049.0,57.65,,,,,,,,,,
"City of Albany , dba: Albany Transit System",40021,,GA,"Albany, GA",,38.99,30.0,488871.0,75616.0,17.0,66.51,0.0,1902.0,0.0,158099.0,0.0,0.0,0.0,0.0,160001.0,0.0
Monsey New Square Trails Corporation,20135,Spring Valley,NY,"New York--Jersey City--Newark, NY--NJ",,46.0,32.0,841455.0,286573.0,176.0,3248.12,288710.0,0.0,0.0,0.0,0.0,0.0,0.0,0.0,288710.0,0.0
Central Oregon Intergovernmental Council,57,Bend,OR,"Bend, OR",,53.72,,,,,,,,,,,,,,,
"City of Pueblo, dba: Pueblo Transit",80007,Pueblo,CO,"Pueblo, CO",,38.0,54.0,739736.0,112933.0,39.0,54.7,128767.0,33903.0,0.0,0.0,0.0,0.0,0.0,0.0,162670.0,0.0
"City of Terre Haute , dba: Terre Haute Transit Utility",50053,Terre Haute,IN,"Terre Haute, IN",,36.6,20.0,433791.0,59614.0,18.0,46.83,12568.0,54703.0,0.0,0.0,0.0,0.0,0.0,0.0,67271.0,0.0
"Knoxville-Knox County Community Action Committee, dba: Knox County CAC Transit",40171,Knoxville,TN,"Knoxville, TN",,44.0,30.0,1120137.0,331989.0,239.0,431.91,0.0,151557.0,0.0,0.0,0.0,0.0,0.0,0.0,151557.0,0.0
"City of Fairfax, dba: CUE Bus",30058,Fairfax,VA,"Washington--Arlington, DC--VA--MD",,49.82,8.0,446036.0,22565.0,6.0,1294.51,94852.0,0.0,0.0,0.0,0.0,0.0,0.0,0.0,94852.0,0.0
Delaware County Transit Board,50199,Delaware,OH,"Columbus, OH",,63.0,21.0,621046.0,220740.0,459.0,516.16,3584.0,77067.0,0.0,0.0,0.0,0.0,0.0,0.0,80651.0,0.0
"City of Rome , dba: City of Rome Transit Department",40058,Rome,GA,"Rome, GA",,38.75,24.0,401882.0,36323.0,32.0,44.89,20316.0,50352.0,0.0,0.0,0.0,0.0,0.0,0.0,70668.0,0.0
City of Kokomo,50145,Kokomo,IN,"Kokomo, IN",,42.39,62.0,586765.0,59604.0,80.0,32.5,12820.0,75970.0,0.0,0.0,0.0,0.0,0.0,0.0,88790.0,0.0
"City of Eau Claire, dba: Eau Claire Transit",50099,Eau Claire,WI,"Eau Claire, WI",,42.0,84.0,1107672.0,78258.0,28.0,62.5,127144.0,21209.0,0.0,0.0,0.0,0.0,0.0,0.0,148353.0,0.0
West Virginia University - Morgantown Personal Rapid Transit,30107,Morgantown,WV,"Morgantown, WV",,38.9,48.0,522735.0,60547.0,12.0,40.7,,,,,,,,,,
Jackson Transit Authority,40057,Jackson,TN,"Jackson, TN",,34.0,34.0,698828.0,68114.0,48.0,47.74,87388.0,36524.0,0.0,0.0,0.0,0.0,0.0,0.0,123912.0,0.0
"City of Sioux City, dba: Sioux City Transit System",70012,Sioux City,IA,"Sioux City, IA--NE--SD",,41.5,50.0,775937.0,122128.0,53.0,55.03,118857.0,27629.0,0.0,0.0,0.0,0.0,0.0,0.0,146486.0,0.0
Mecklenburg County,40228,Charlotte,NC,"Charlotte, NC--SC",,45.0,176.0,418263.0,1122276.0,31.0,657.61,,,,,,,,,,
"Western Maine Transportation Services, Inc.",10098,Auburn,ME,"Lewiston, ME",,61.6,164.0,586602.0,188015.0,4247.0,31.42,33410.0,48371.0,0.0,0.0,0.0,0.0,0.0,0.0,81781.0,0.0
"Baldwin County Commission, dba: Baldwin Regional Area Transit System",40928,Bay Minette,AL,"Fairhope--Daphne, AL",,43.84,30.0,1035386.0,218022.0,1590.0,59.07,0.0,134134.0,0.0,0.0,0.0,0.0,0.0,0.0,134134.0,0.0
Medina County Public Transit,50198,Medina,OH,"Cleveland, OH",,44.43,69.0,537473.0,182470.0,425.0,713.81,541.0,60403.0,0.0,0.0,0.0,0.0,0.0,0.0,60944.0,0.0
County of Atlantic,20199,Atlantic City,NJ,"Atlantic City--Ocean City--Villas, NJ",,45.0,33.0,479070.0,263670.0,567.0,162.87,4158.0,89271.0,0.0,0.0,0.0,0.0,0.0,0.0,93429.0,0.0
City of Glendale,90034,Glendale,AZ,"Phoenix--Mesa--Scottsdale, AZ",,41.79,118.0,1351915.0,248267.0,59.0,1636.83,7304.0,61517.0,1895.0,0.0,0.0,0.0,0.0,0.0,70716.0,0.0
City of Glendale,90034,Glendale,AZ,"Phoenix--Mesa--Scottsdale, AZ",,41.79,118.0,1351915.0,248267.0,59.0,1636.83,0.0,13600.0,0.0,354288.0,0.0,0.0,0.0,0.0,367888.0,0.0
"Lafayette City-Parish Consolidated Government, dba: Lafayette Transit System",60038,Lafayette,LA,"Lafayette, LA",,35.6,38.0,1073434.0,241753.0,49.0,161.2,61257.0,22695.0,0.0,111847.0,0.0,0.0,0.0,0.0,195799.0,0.0
City of Long Beach,20006,Long Beach,NY,"New York--Jersey City--Newark, NY--NJ",,31.0,14.0,241359.0,33275.0,13.0,3248.12,56078.0,804.0,0.0,0.0,0.0,0.0,0.0,0.0,56882.0,0.0
"Heart of Iowa Regional Transit Agency, dba: HIRTA",70066,Urbandale,IA,"Ames, IA",,58.0,21.0,350168.0,314038.0,4771.0,22.36,0.0,64591.0,0.0,0.0,0.0,0.0,0.0,0.0,64591.0,0.0
Rio Metro Regional Transit District,60111,Albuquerque,NM,"Albuquerque, NM",,47.0,244.0,2335943.0,982474.0,990.0,263.07,43700.0,85463.0,0.0,0.0,1009440.0,0.0,0.0,0.0,1138603.0,0.0
"County of Rockland , dba: Public Transportation - Transport of Rockland",20084,New City,NY,"New York--Jersey City--Newark, NY--NJ",,59.0,106.0,2744759.0,325789.0,176.0,3248.12,391733.0,86870.0,0.0,0.0,0.0,0.0,0.0,0.0,478603.0,0.0
City of Riverside,90086,Riverside,CA,"Riverside--San Bernardino, CA",,34.0,15.0,376209.0,320164.0,82.0,608.56,,,,,,,,,,
"County of Johnson, Iowa, dba: Johnson County SEATS",70045,Iowa City,IA,"Iowa City, IA",,42.38,17.0,428221.0,152854.0,614.0,50.83,6063.0,61618.0,0.0,0.0,0.0,0.0,0.0,0.0,67681.0,0.0
"LINK Hendricks County, dba: Hendricks and Morgan County Connect",50342,Danville,IN,"Indianapolis, IN",,69.2,23.0,510914.0,233398.0,818.0,722.55,0.0,41082.0,0.0,0.0,0.0,0.0,0.0,0.0,41082.0,0.0
RiverCities Transit,16,Longview,WA,"Longview, WA--OR",,36.14,63.0,511329.0,61598.0,31.0,35.19,0.0,15747.0,18968.0,0.0,71816.0,0.0,0.0,0.0,106531.0,0.0
Milford Transit District,10107,Milford,CT,"Bridgeport--Stamford, CT--NY",,31.0,22.0,458613.0,52759.0,24.0,397.29,54397.0,25533.0,0.0,0.0,0.0,0.0,0.0,0.0,79930.0,0.0
"California Vanpool Authority, dba: CalVans",90230,Hanford,CA,"Hanford, CA",,29.0,758.0,10003280.0,5806496.0,1739.0,18.23,0.0,888006.0,0.0,0.0,0.0,0.0,0.0,0.0,888006.0,0.0
"City of Arlington, dba: Arlington Transportation",60041,Arlington,TX,"Dallas--Fort Worth--Arlington, TX",,28.0,318.0,946430.0,400032.0,199.0,1746.9,6153.0,84359.0,0.0,0.0,0.0,0.0,0.0,0.0,90512.0,0.0
"North Central Alabama Regional Council of Governments, dba: NARCOG Regional Transit Agency",40265,Decatur,AL,"Decatur, AL",,36.0,28.0,361343.0,152680.0,1316.0,43.47,0.0,33458.0,0.0,0.0,0.0,0.0,0.0,0.0,33458.0,0.0
Jackson County Mass Transit District,50204,Carbondale,IL,Illinois Non-UZA,,27.0,19.0,402022.0,59677.0,584.0,0.0,3243.0,55297.0,0.0,0.0,0.0,0.0,0.0,0.0,58540.0,0.0
"Cape Fear Public Transportation Authority, dba: Wave Transit",40006,Wilmington,NC,"Wilmington, NC",,53.0,129.0,1617333.0,230310.0,200.0,142.25,24233.0,58369.0,0.0,239154.0,0.0,0.0,0.0,0.0,321756.0,0.0
"Paratransit, Inc.",90223,Sacramento,CA,"Sacramento, CA",,29.98,18.0,372689.0,1597759.0,208.0,467.58,0.0,723.0,0.0,56575.0,0.0,0.0,0.0,0.0,57298.0,0.0
Plaquemines Port Harbor Terminal District,60276,Belle Chasse,LA,"New Orleans, LA",,28.0,2.0,16367.0,25000.0,4.0,270.27,,,,,,,,,,
McKinney Avenue Transit Authority,60133,Dallas,TX,"Dallas--Fort Worth--Arlington, TX",,23.0,4.0,69807.0,19850.0,5.0,1746.9,0.0,0.0,0.0,0.0,0.0,0.0,301900.0,0.0,0.0,301900.0
Northwest Alabama Council of Local Governments,40068,Muscle Shoals,AL,"Florence, AL",,30.0,56.0,377597.0,235785.0,3365.0,54.63,,,,,,,,,,
"Board of  Clermont County Commissioners, dba: Clermont Transportation Connection",50166,Batavia,OH,"Cincinnati, OH--KY",,19.7,144.0,855297.0,208601.0,452.0,752.28,5876.0,93298.0,0.0,0.0,0.0,0.0,0.0,0.0,99174.0,0.0
"City of Loveland, Colorado, dba: City of Loveland Transit",80025,Loveland,CO,"Fort Collins, CO",,19.6,18.0,317037.0,77194.0,37.0,117.98,28613.0,13105.0,0.0,10859.0,0.0,0.0,0.0,0.0,52577.0,0.0
Valley Transit District,10042,Derby,CT,"Bridgeport--Stamford, CT--NY",,26.0,12.0,229344.0,88364.0,58.0,397.29,0.0,36674.0,0.0,0.0,0.0,0.0,0.0,0.0,36674.0,0.0
"City of Coralville, dba: Coralville Transit System",70030,Coralville,IA,"Iowa City, IA",,23.0,,,,,,49554.0,0.0,0.0,0.0,0.0,0.0,0.0,0.0,49554.0,0.0
The Woodlands Township,60134,Spring,TX,"The Woodlands--Conroe, TX",,16.9,58.0,1169420.0,604068.0,454.0,219.14,185692.0,0.0,34620.0,0.0,0.0,0.0,0.0,0.0,220312.0,0.0
"Bay State LLC, dba: Bay State Cruise Company",11238,Boston,MA,"Boston, MA--NH",,20.5,3.0,56980.0,221049.0,277.0,1655.89,276933.0,0.0,0.0,0.0,0.0,0.0,0.0,0.0,276933.0,0.0
"City of Peoria , dba: Peoria Transit",90140,Peoria,AZ,"Phoenix--Mesa--Scottsdale, AZ",,12.2,6.0,108437.0,194917.0,179.0,1110.48,,,,,,,,,,
"University of Montana, dba: UDASH",80107,Missoula,MT,"Missoula, MT",,33.02,3.0,63342.0,40948.0,10.0,44.29,,,,,,,,,,
"Ada County Highway District, dba: ACHD Commuteride",415,Boise,ID,"Boise City, ID",,6.7,81.0,1375843.0,652099.0,252.0,139.23,0.0,93089.0,0.0,0.0,0.0,0.0,0.0,0.0,93089.0,0.0
"County of Douglas, dba: Connect Douglas",40082,Douglasville,GA,"Atlanta, GA",,5.99,48.0,480865.0,142224.0,201.0,2553.04,0.0,65907.0,0.0,0.0,0.0,0.0,0.0,0.0,65907.0,0.0
Madison County Transit District,50146,Pontoon Beach,IL,"St. Louis, MO--IL",,5.0,351.0,5132926.0,232298.0,189.0,910.37,0.0,160040.0,0.0,0.0,704914.0,0.0,0.0,0.0,864954.0,0.0
University of Minnesota Transit,50515,Minneapolis,MN,"Minneapolis--St. Paul, MN",,8.0,44.0,579864.0,65425.0,5.0,1014.79,112491.0,19758.0,0.0,0.0,0.0,0.0,0.0,0.0,132249.0,0.0
Kentuckiana Regional Planning and Development Agency,40196,Louisville,KY,"Louisville/Jefferson County, KY--IN",,2.97,30.0,414956.0,1226074.0,2446.0,400.86,0.0,26120.0,0.0,0.0,0.0,64.0,0.0,0.0,26184.0,0.0
North County Transit District,90030,Oceanside,CA,"San Diego, CA",,141.41,1386.0,9205294.0,1043734.0,340.0,674.72,1280613.0,127190.0,0.0,1533737.0,41594.0,0.0,0.0,0.0,2983134.0,0.0
Piedmont Authority for Regional Transportation,40173,Greensboro,NC,"Greensboro, NC",,3.25,88.0,2140469.0,1705315.0,2500.0,169.31,183861.0,79146.0,0.0,0.0,0.0,0.0,0.0,0.0,263007.0,0.0
Chicago Water Taxi (Wendella),50521,Chicago,IL,"Chicago, IL--IN",,17.0,2.0,600.0,69764.0,89.0,2337.89,1174.0,0.0,0.0,0.0,0.0,0.0,0.0,0.0,1174.0,0.0
"North Front Range Transportation and Air Quality Planning Council, dba: North Front Range MPO / VanGo",80106,Fort Collins,CO,"Fort Collins, CO",,4.0,32.0,368136.0,143986.0,56.0,117.98,0.0,17333.0,0.0,0.0,0.0,0.0,0.0,0.0,17333.0,0.0
"Charlotte County Government, dba: Charlotte County Transit Division",40129,Port Charlotte,FL,"Port Charlotte--North Port, FL",,2.13,34.0,466622.0,186847.0,231.0,134.69,19241.0,25376.0,0.0,0.0,0.0,0.0,0.0,0.0,44617.0,0.0
"City of Colorado Springs, dba: Mountain Metropolitan Transit",80005,Colorado Springs,CO,"Colorado Springs, CO",,1.17,380.0,3722824.0,417843.0,131.0,200.36,496889.0,108987.0,0.0,0.0,0.0,0.0,0.0,112671.0,605876.0,112671.0
The Transportation Management Association Group,40178,Franklin,TN,"Nashville-Davidson, TN",423.0,0.21,76.0,623156.0,1978890.0,7505.0,584.95,,,,,,,,,,
